ID,Title,Content,Excerpt,Date,"Post Type",Permalink,"Image URL","Image Title","Image Caption","Image Description","Image Alt Text","Image Featured","Attachment URL",_wp_page_template,zdjecie_hero_post,_zdjecie_hero_post,seagolf_sec1_title,_seagolf_sec1_title,seagolf_sec1_text,_seagolf_sec1_text,seagolf_sec2_title,_seagolf_sec2_title,seagolf_sec2_text,_seagolf_sec2_text,seagolf_sec2_link,_seagolf_sec2_link,seagolf_sec2_photo,_seagolf_sec2_photo,seagolf_sec3_text,_seagolf_sec3_text,seagolf_sec3_name,_seagolf_sec3_name,seagolf_sec3_position,_seagolf_sec3_position,seagolf_sec3_photo,_seagolf_sec3_photo,seagolf_sec3_text_box,_seagolf_sec3_text_box,seagolf_sec4_info_box_0_seagolf_sec4_info_box_icon,_seagolf_sec4_info_box_0_seagolf_sec4_info_box_icon,seagolf_sec4_info_box_0_seagolf_sec4_info_box_text,_seagolf_sec4_info_box_0_seagolf_sec4_info_box_text,seagolf_sec4_info_box_1_seagolf_sec4_info_box_icon,_seagolf_sec4_info_box_1_seagolf_sec4_info_box_icon,seagolf_sec4_info_box_1_seagolf_sec4_info_box_text,_seagolf_sec4_info_box_1_seagolf_sec4_info_box_text,seagolf_sec4_info_box_2_seagolf_sec4_info_box_icon,_seagolf_sec4_info_box_2_seagolf_sec4_info_box_icon,seagolf_sec4_info_box_2_seagolf_sec4_info_box_text,_seagolf_sec4_info_box_2_seagolf_sec4_info_box_text,seagolf_sec4_info_box_3_seagolf_sec4_info_box_icon,_seagolf_sec4_info_box_3_seagolf_sec4_info_box_icon,seagolf_sec4_info_box_3_seagolf_sec4_info_box_text,_seagolf_sec4_info_box_3_seagolf_sec4_info_box_text,seagolf_sec4_info_box_4_seagolf_sec4_info_box_icon,_seagolf_sec4_info_box_4_seagolf_sec4_info_box_icon,seagolf_sec4_info_box_4_seagolf_sec4_info_box_text,_seagolf_sec4_info_box_4_seagolf_sec4_info_box_text,seagolf_sec4_info_box_5_seagolf_sec4_info_box_icon,_seagolf_sec4_info_box_5_seagolf_sec4_info_box_icon,seagolf_sec4_info_box_5_seagolf_sec4_info_box_text,_seagolf_sec4_info_box_5_seagolf_sec4_info_box_text,seagolf_sec4_info_box_6_seagolf_sec4_info_box_icon,_seagolf_sec4_info_box_6_seagolf_sec4_info_box_icon,seagolf_sec4_info_box_6_seagolf_sec4_info_box_text,_seagolf_sec4_info_box_6_seagolf_sec4_info_box_text,seagolf_sec4_info_box_7_seagolf_sec4_info_box_icon,_seagolf_sec4_info_box_7_seagolf_sec4_info_box_icon,seagolf_sec4_info_box_7_seagolf_sec4_info_box_text,_seagolf_sec4_info_box_7_seagolf_sec4_info_box_text,seagolf_sec4_info_box,_seagolf_sec4_info_box,seagolf_sec4_info_text,_seagolf_sec4_info_text,seagolf_sec5_title,_seagolf_sec5_title,seagolf_sec5_text,_seagolf_sec5_text,seagolf_sec5_link,_seagolf_sec5_link,seagolf_sec5_photo,_seagolf_sec5_photo,seagolf_sec6_title,_seagolf_sec6_title,seagolf_sec6_text,_seagolf_sec6_text,seagolf_sec6_link,_seagolf_sec6_link,seagolf_sec6_photo,_seagolf_sec6_photo,seagolf_sec7_title,_seagolf_sec7_title,seagolf_sec7_text,_seagolf_sec7_text,seagolf_sec7_link,_seagolf_sec7_link,seagolf_sec7_photo,_seagolf_sec7_photo,seagolf_sec8_text_left,_seagolf_sec8_text_left,seagolf_sec8_text_right,_seagolf_sec8_text_right,seagolf_sec9_first_box_seagolf_sec9_first_box_link,_seagolf_sec9_first_box_seagolf_sec9_first_box_link,seagolf_sec9_first_box_seagolf_sec9_first_box_title,_seagolf_sec9_first_box_seagolf_sec9_first_box_title,seagolf_sec9_first_box_seagolf_sec9_first_box_text,_seagolf_sec9_first_box_seagolf_sec9_first_box_text,seagolf_sec9_first_box_seagolf_sec9_first_box_button,_seagolf_sec9_first_box_seagolf_sec9_first_box_button,seagolf_sec9_first_box,_seagolf_sec9_first_box,seagolf_sec9_second_box_seagolf_sec9_second_box_link,_seagolf_sec9_second_box_seagolf_sec9_second_box_link,seagolf_sec9_second_box_seagolf_sec9_second_box_title,_seagolf_sec9_second_box_seagolf_sec9_second_box_title,seagolf_sec9_second_box_seagolf_sec9_second_box_text,_seagolf_sec9_second_box_seagolf_sec9_second_box_text,seagolf_sec9_second_box_seagolf_sec9_second_box_button,_seagolf_sec9_second_box_seagolf_sec9_second_box_button,seagolf_sec9_second_box,_seagolf_sec9_second_box,seagolf_sec9_third_box_seagolf_sec9_third_box_link,_seagolf_sec9_third_box_seagolf_sec9_third_box_link,seagolf_sec9_third_box_seagolf_sec9_third_box_title,_seagolf_sec9_third_box_seagolf_sec9_third_box_title,seagolf_sec9_third_box_seagolf_sec9_third_box_text,_seagolf_sec9_third_box_seagolf_sec9_third_box_text,seagolf_sec9_third_box_seagolf_sec9_third_box_button,_seagolf_sec9_third_box_seagolf_sec9_third_box_button,seagolf_sec9_third_box,_seagolf_sec9_third_box,seagolf_sec10_box_opinions_0_seagolf_sec10_box_opinions_text,_seagolf_sec10_box_opinions_0_seagolf_sec10_box_opinions_text,seagolf_sec10_box_opinions_0_seagolf_sec10_box_opinions_name,_seagolf_sec10_box_opinions_0_seagolf_sec10_box_opinions_name,seagolf_sec10_box_opinions_1_seagolf_sec10_box_opinions_text,_seagolf_sec10_box_opinions_1_seagolf_sec10_box_opinions_text,seagolf_sec10_box_opinions_1_seagolf_sec10_box_opinions_name,_seagolf_sec10_box_opinions_1_seagolf_sec10_box_opinions_name,seagolf_sec10_box_opinions_2_seagolf_sec10_box_opinions_text,_seagolf_sec10_box_opinions_2_seagolf_sec10_box_opinions_text,seagolf_sec10_box_opinions_2_seagolf_sec10_box_opinions_name,_seagolf_sec10_box_opinions_2_seagolf_sec10_box_opinions_name,seagolf_sec10_box_opinions_3_seagolf_sec10_box_opinions_text,_seagolf_sec10_box_opinions_3_seagolf_sec10_box_opinions_text,seagolf_sec10_box_opinions_3_seagolf_sec10_box_opinions_name,_seagolf_sec10_box_opinions_3_seagolf_sec10_box_opinions_name,seagolf_sec10_box_opinions,_seagolf_sec10_box_opinions,seagolf_sec10_about_company_text,_seagolf_sec10_about_company_text,seagolf_sec10_about_company_icons_0_seagolf_sec10_about_company_icons_img,_seagolf_sec10_about_company_icons_0_seagolf_sec10_about_company_icons_img,seagolf_sec10_about_company_icons_1_seagolf_sec10_about_company_icons_img,_seagolf_sec10_about_company_icons_1_seagolf_sec10_about_company_icons_img,seagolf_sec10_about_company_icons_2_seagolf_sec10_about_company_icons_img,_seagolf_sec10_about_company_icons_2_seagolf_sec10_about_company_icons_img,seagolf_sec10_about_company_icons,_seagolf_sec10_about_company_icons,seagolf_sec10_box_opinions_4_seagolf_sec10_box_opinions_text,_seagolf_sec10_box_opinions_4_seagolf_sec10_box_opinions_text,seagolf_sec10_box_opinions_4_seagolf_sec10_box_opinions_name,_seagolf_sec10_box_opinions_4_seagolf_sec10_box_opinions_name,seagolf_sec10_box_opinions_5_seagolf_sec10_box_opinions_text,_seagolf_sec10_box_opinions_5_seagolf_sec10_box_opinions_text,seagolf_sec10_box_opinions_5_seagolf_sec10_box_opinions_name,_seagolf_sec10_box_opinions_5_seagolf_sec10_box_opinions_name,sec1_sg_about_title,_sec1_sg_about_title,sec1_sg_about_text,_sec1_sg_about_text,sec1_sg_about_text_bottom,_sec1_sg_about_text_bottom,sec2_sg_about_photo,_sec2_sg_about_photo,sec2_sg_about_title,_sec2_sg_about_title,sec2_sg_about_text,_sec2_sg_about_text,sec2_sg_about_button,_sec2_sg_about_button,sec3_sg_about_photo,_sec3_sg_about_photo,sec3_sg_about_title,_sec3_sg_about_title,sec3_sg_about_text,_sec3_sg_about_text,sec3_sg_about_button,_sec3_sg_about_button,sec4_sg_info_box,_sec4_sg_info_box,sec4_sg_info_text_bottom,_sec4_sg_info_text_bottom,sec5_sg_about_photo,_sec5_sg_about_photo,sec5_sg_about_title,_sec5_sg_about_title,sec5_sg_about_text,_sec5_sg_about_text,sec5_sg_about_button,_sec5_sg_about_button,sec6_sg_about_photo,_sec6_sg_about_photo,sec6_sg_about_title,_sec6_sg_about_title,sec6_sg_about_text,_sec6_sg_about_text,sec6_sg_about_button,_sec6_sg_about_button,sec4_sg_info_box_0_sec4_sg_info_box_icon,_sec4_sg_info_box_0_sec4_sg_info_box_icon,sec4_sg_info_box_0_sec4_sg_info_box_text,_sec4_sg_info_box_0_sec4_sg_info_box_text,sec4_sg_info_box_1_sec4_sg_info_box_icon,_sec4_sg_info_box_1_sec4_sg_info_box_icon,sec4_sg_info_box_1_sec4_sg_info_box_text,_sec4_sg_info_box_1_sec4_sg_info_box_text,sec4_sg_info_box_2_sec4_sg_info_box_icon,_sec4_sg_info_box_2_sec4_sg_info_box_icon,sec4_sg_info_box_2_sec4_sg_info_box_text,_sec4_sg_info_box_2_sec4_sg_info_box_text,sec4_sg_info_box_3_sec4_sg_info_box_icon,_sec4_sg_info_box_3_sec4_sg_info_box_icon,sec4_sg_info_box_3_sec4_sg_info_box_text,_sec4_sg_info_box_3_sec4_sg_info_box_text,sec4_sg_info_box_4_sec4_sg_info_box_icon,_sec4_sg_info_box_4_sec4_sg_info_box_icon,sec4_sg_info_box_4_sec4_sg_info_box_text,_sec4_sg_info_box_4_sec4_sg_info_box_text,sec4_sg_info_box_5_sec4_sg_info_box_icon,_sec4_sg_info_box_5_sec4_sg_info_box_icon,sec4_sg_info_box_5_sec4_sg_info_box_text,_sec4_sg_info_box_5_sec4_sg_info_box_text,sec4_sg_info_box_6_sec4_sg_info_box_icon,_sec4_sg_info_box_6_sec4_sg_info_box_icon,sec4_sg_info_box_6_sec4_sg_info_box_text,_sec4_sg_info_box_6_sec4_sg_info_box_text,sec4_sg_info_box_7_sec4_sg_info_box_icon,_sec4_sg_info_box_7_sec4_sg_info_box_icon,sec4_sg_info_box_7_sec4_sg_info_box_text,_sec4_sg_info_box_7_sec4_sg_info_box_text,sec4_sg_info_box_8_sec4_sg_info_box_icon,_sec4_sg_info_box_8_sec4_sg_info_box_icon,sec4_sg_info_box_8_sec4_sg_info_box_text,_sec4_sg_info_box_8_sec4_sg_info_box_text,sec4_sg_info_box_9_sec4_sg_info_box_icon,_sec4_sg_info_box_9_sec4_sg_info_box_icon,sec4_sg_info_box_9_sec4_sg_info_box_text,_sec4_sg_info_box_9_sec4_sg_info_box_text,sec4_sg_info_box_10_sec4_sg_info_box_icon,_sec4_sg_info_box_10_sec4_sg_info_box_icon,sec4_sg_info_box_10_sec4_sg_info_box_text,_sec4_sg_info_box_10_sec4_sg_info_box_text,sec4_sg_info_box_11_sec4_sg_info_box_icon,_sec4_sg_info_box_11_sec4_sg_info_box_icon,sec4_sg_info_box_11_sec4_sg_info_box_text,_sec4_sg_info_box_11_sec4_sg_info_box_text,title_sec1_localization_seagolf,_title_sec1_localization_seagolf,text_sec1_localization_seagolf,_text_sec1_localization_seagolf,repeter_sec1_localization_seagolf_0_title_repeter_sec1_localization_seagolf,_repeter_sec1_localization_seagolf_0_title_repeter_sec1_localization_seagolf,repeter_sec1_localization_seagolf_0_time_repeter_sec1_localization_seagolf,_repeter_sec1_localization_seagolf_0_time_repeter_sec1_localization_seagolf,repeter_sec1_localization_seagolf_0_distance_repeter_sec1_localization_seagolf,_repeter_sec1_localization_seagolf_0_distance_repeter_sec1_localization_seagolf,repeter_sec1_localization_seagolf_0_icon_repeter_sec1_localization_seagolf,_repeter_sec1_localization_seagolf_0_icon_repeter_sec1_localization_seagolf,repeter_sec1_localization_seagolf_1_title_repeter_sec1_localization_seagolf,_repeter_sec1_localization_seagolf_1_title_repeter_sec1_localization_seagolf,repeter_sec1_localization_seagolf_1_time_repeter_sec1_localization_seagolf,_repeter_sec1_localization_seagolf_1_time_repeter_sec1_localization_seagolf,repeter_sec1_localization_seagolf_1_distance_repeter_sec1_localization_seagolf,_repeter_sec1_localization_seagolf_1_distance_repeter_sec1_localization_seagolf,repeter_sec1_localization_seagolf_1_icon_repeter_sec1_localization_seagolf,_repeter_sec1_localization_seagolf_1_icon_repeter_sec1_localization_seagolf,repeter_sec1_localization_seagolf_2_title_repeter_sec1_localization_seagolf,_repeter_sec1_localization_seagolf_2_title_repeter_sec1_localization_seagolf,repeter_sec1_localization_seagolf_2_time_repeter_sec1_localization_seagolf,_repeter_sec1_localization_seagolf_2_time_repeter_sec1_localization_seagolf,repeter_sec1_localization_seagolf_2_distance_repeter_sec1_localization_seagolf,_repeter_sec1_localization_seagolf_2_distance_repeter_sec1_localization_seagolf,repeter_sec1_localization_seagolf_2_icon_repeter_sec1_localization_seagolf,_repeter_sec1_localization_seagolf_2_icon_repeter_sec1_localization_seagolf,repeter_sec1_localization_seagolf_3_title_repeter_sec1_localization_seagolf,_repeter_sec1_localization_seagolf_3_title_repeter_sec1_localization_seagolf,repeter_sec1_localization_seagolf_3_time_repeter_sec1_localization_seagolf,_repeter_sec1_localization_seagolf_3_time_repeter_sec1_localization_seagolf,repeter_sec1_localization_seagolf_3_distance_repeter_sec1_localization_seagolf,_repeter_sec1_localization_seagolf_3_distance_repeter_sec1_localization_seagolf,repeter_sec1_localization_seagolf_3_icon_repeter_sec1_localization_seagolf,_repeter_sec1_localization_seagolf_3_icon_repeter_sec1_localization_seagolf,repeter_sec1_localization_seagolf_4_title_repeter_sec1_localization_seagolf,_repeter_sec1_localization_seagolf_4_title_repeter_sec1_localization_seagolf,repeter_sec1_localization_seagolf_4_time_repeter_sec1_localization_seagolf,_repeter_sec1_localization_seagolf_4_time_repeter_sec1_localization_seagolf,repeter_sec1_localization_seagolf_4_distance_repeter_sec1_localization_seagolf,_repeter_sec1_localization_seagolf_4_distance_repeter_sec1_localization_seagolf,repeter_sec1_localization_seagolf_4_icon_repeter_sec1_localization_seagolf,_repeter_sec1_localization_seagolf_4_icon_repeter_sec1_localization_seagolf,repeter_sec1_localization_seagolf_5_title_repeter_sec1_localization_seagolf,_repeter_sec1_localization_seagolf_5_title_repeter_sec1_localization_seagolf,repeter_sec1_localization_seagolf_5_time_repeter_sec1_localization_seagolf,_repeter_sec1_localization_seagolf_5_time_repeter_sec1_localization_seagolf,repeter_sec1_localization_seagolf_5_distance_repeter_sec1_localization_seagolf,_repeter_sec1_localization_seagolf_5_distance_repeter_sec1_localization_seagolf,repeter_sec1_localization_seagolf_5_icon_repeter_sec1_localization_seagolf,_repeter_sec1_localization_seagolf_5_icon_repeter_sec1_localization_seagolf,repeter_sec1_localization_seagolf_6_title_repeter_sec1_localization_seagolf,_repeter_sec1_localization_seagolf_6_title_repeter_sec1_localization_seagolf,repeter_sec1_localization_seagolf_6_time_repeter_sec1_localization_seagolf,_repeter_sec1_localization_seagolf_6_time_repeter_sec1_localization_seagolf,repeter_sec1_localization_seagolf_6_distance_repeter_sec1_localization_seagolf,_repeter_sec1_localization_seagolf_6_distance_repeter_sec1_localization_seagolf,repeter_sec1_localization_seagolf_6_icon_repeter_sec1_localization_seagolf,_repeter_sec1_localization_seagolf_6_icon_repeter_sec1_localization_seagolf,repeter_sec1_localization_seagolf_7_title_repeter_sec1_localization_seagolf,_repeter_sec1_localization_seagolf_7_title_repeter_sec1_localization_seagolf,repeter_sec1_localization_seagolf_7_time_repeter_sec1_localization_seagolf,_repeter_sec1_localization_seagolf_7_time_repeter_sec1_localization_seagolf,repeter_sec1_localization_seagolf_7_distance_repeter_sec1_localization_seagolf,_repeter_sec1_localization_seagolf_7_distance_repeter_sec1_localization_seagolf,repeter_sec1_localization_seagolf_7_icon_repeter_sec1_localization_seagolf,_repeter_sec1_localization_seagolf_7_icon_repeter_sec1_localization_seagolf,repeter_sec1_localization_seagolf_8_title_repeter_sec1_localization_seagolf,_repeter_sec1_localization_seagolf_8_title_repeter_sec1_localization_seagolf,repeter_sec1_localization_seagolf_8_time_repeter_sec1_localization_seagolf,_repeter_sec1_localization_seagolf_8_time_repeter_sec1_localization_seagolf,repeter_sec1_localization_seagolf_8_distance_repeter_sec1_localization_seagolf,_repeter_sec1_localization_seagolf_8_distance_repeter_sec1_localization_seagolf,repeter_sec1_localization_seagolf_8_icon_repeter_sec1_localization_seagolf,_repeter_sec1_localization_seagolf_8_icon_repeter_sec1_localization_seagolf,repeter_sec1_localization_seagolf_9_title_repeter_sec1_localization_seagolf,_repeter_sec1_localization_seagolf_9_title_repeter_sec1_localization_seagolf,repeter_sec1_localization_seagolf_9_time_repeter_sec1_localization_seagolf,_repeter_sec1_localization_seagolf_9_time_repeter_sec1_localization_seagolf,repeter_sec1_localization_seagolf_9_distance_repeter_sec1_localization_seagolf,_repeter_sec1_localization_seagolf_9_distance_repeter_sec1_localization_seagolf,repeter_sec1_localization_seagolf_9_icon_repeter_sec1_localization_seagolf,_repeter_sec1_localization_seagolf_9_icon_repeter_sec1_localization_seagolf,repeter_sec1_localization_seagolf_10_title_repeter_sec1_localization_seagolf,_repeter_sec1_localization_seagolf_10_title_repeter_sec1_localization_seagolf,repeter_sec1_localization_seagolf_10_time_repeter_sec1_localization_seagolf,_repeter_sec1_localization_seagolf_10_time_repeter_sec1_localization_seagolf,repeter_sec1_localization_seagolf_10_distance_repeter_sec1_localization_seagolf,_repeter_sec1_localization_seagolf_10_distance_repeter_sec1_localization_seagolf,repeter_sec1_localization_seagolf_10_icon_repeter_sec1_localization_seagolf,_repeter_sec1_localization_seagolf_10_icon_repeter_sec1_localization_seagolf,repeter_sec1_localization_seagolf_11_title_repeter_sec1_localization_seagolf,_repeter_sec1_localization_seagolf_11_title_repeter_sec1_localization_seagolf,repeter_sec1_localization_seagolf_11_time_repeter_sec1_localization_seagolf,_repeter_sec1_localization_seagolf_11_time_repeter_sec1_localization_seagolf,repeter_sec1_localization_seagolf_11_distance_repeter_sec1_localization_seagolf,_repeter_sec1_localization_seagolf_11_distance_repeter_sec1_localization_seagolf,repeter_sec1_localization_seagolf_11_icon_repeter_sec1_localization_seagolf,_repeter_sec1_localization_seagolf_11_icon_repeter_sec1_localization_seagolf,repeter_sec1_localization_seagolf_12_title_repeter_sec1_localization_seagolf,_repeter_sec1_localization_seagolf_12_title_repeter_sec1_localization_seagolf,repeter_sec1_localization_seagolf_12_time_repeter_sec1_localization_seagolf,_repeter_sec1_localization_seagolf_12_time_repeter_sec1_localization_seagolf,repeter_sec1_localization_seagolf_12_distance_repeter_sec1_localization_seagolf,_repeter_sec1_localization_seagolf_12_distance_repeter_sec1_localization_seagolf,repeter_sec1_localization_seagolf_12_icon_repeter_sec1_localization_seagolf,_repeter_sec1_localization_seagolf_12_icon_repeter_sec1_localization_seagolf,repeter_sec1_localization_seagolf_13_title_repeter_sec1_localization_seagolf,_repeter_sec1_localization_seagolf_13_title_repeter_sec1_localization_seagolf,repeter_sec1_localization_seagolf_13_time_repeter_sec1_localization_seagolf,_repeter_sec1_localization_seagolf_13_time_repeter_sec1_localization_seagolf,repeter_sec1_localization_seagolf_13_distance_repeter_sec1_localization_seagolf,_repeter_sec1_localization_seagolf_13_distance_repeter_sec1_localization_seagolf,repeter_sec1_localization_seagolf_13_icon_repeter_sec1_localization_seagolf,_repeter_sec1_localization_seagolf_13_icon_repeter_sec1_localization_seagolf,repeter_sec1_localization_seagolf,_repeter_sec1_localization_seagolf,text_sec2_localization_seagolf,_text_sec2_localization_seagolf,info_sec2_localization_seagolf,_info_sec2_localization_seagolf,info_sec2_localization_seagolf_0_info_sec2_localization_seagolf_icon,_info_sec2_localization_seagolf_0_info_sec2_localization_seagolf_icon,info_sec2_localization_seagolf_0_info_sec2_localization_seagolf_text,_info_sec2_localization_seagolf_0_info_sec2_localization_seagolf_text,info_sec2_localization_seagolf_1_info_sec2_localization_seagolf_icon,_info_sec2_localization_seagolf_1_info_sec2_localization_seagolf_icon,info_sec2_localization_seagolf_1_info_sec2_localization_seagolf_text,_info_sec2_localization_seagolf_1_info_sec2_localization_seagolf_text,info_sec2_localization_seagolf_2_info_sec2_localization_seagolf_icon,_info_sec2_localization_seagolf_2_info_sec2_localization_seagolf_icon,info_sec2_localization_seagolf_2_info_sec2_localization_seagolf_text,_info_sec2_localization_seagolf_2_info_sec2_localization_seagolf_text,info_sec2_localization_seagolf_3_info_sec2_localization_seagolf_icon,_info_sec2_localization_seagolf_3_info_sec2_localization_seagolf_icon,info_sec2_localization_seagolf_3_info_sec2_localization_seagolf_text,_info_sec2_localization_seagolf_3_info_sec2_localization_seagolf_text,info_sec2_localization_seagolf_4_info_sec2_localization_seagolf_icon,_info_sec2_localization_seagolf_4_info_sec2_localization_seagolf_icon,info_sec2_localization_seagolf_4_info_sec2_localization_seagolf_text,_info_sec2_localization_seagolf_4_info_sec2_localization_seagolf_text,info_sec2_localization_seagolf_5_info_sec2_localization_seagolf_icon,_info_sec2_localization_seagolf_5_info_sec2_localization_seagolf_icon,info_sec2_localization_seagolf_5_info_sec2_localization_seagolf_text,_info_sec2_localization_seagolf_5_info_sec2_localization_seagolf_text,info_sec2_localization_seagolf_6_info_sec2_localization_seagolf_icon,_info_sec2_localization_seagolf_6_info_sec2_localization_seagolf_icon,info_sec2_localization_seagolf_6_info_sec2_localization_seagolf_text,_info_sec2_localization_seagolf_6_info_sec2_localization_seagolf_text,info_sec2_localization_seagolf_7_info_sec2_localization_seagolf_icon,_info_sec2_localization_seagolf_7_info_sec2_localization_seagolf_icon,info_sec2_localization_seagolf_7_info_sec2_localization_seagolf_text,_info_sec2_localization_seagolf_7_info_sec2_localization_seagolf_text,title_galleria_seagolf,_title_galleria_seagolf,photo_sg_gallery,_photo_sg_gallery,movie_sg_gallery,_movie_sg_gallery,movie_youtube_sg_gallery,_movie_youtube_sg_gallery,movie_youtube_sg_gallery_0_link_movie_youtube_sg_gallery,_movie_youtube_sg_gallery_0_link_movie_youtube_sg_gallery,title_bottom_galleria_seagolf,_title_bottom_galleria_seagolf,title_sec1_contact_sg,_title_sec1_contact_sg,text_sec1_contact_sg,_text_sec1_contact_sg,tel_sec1_contact_sg,_tel_sec1_contact_sg,title_sec2_contact_sg,_title_sec2_contact_sg,text_sec2_contact_sg,_text_sec2_contact_sg,box_sales_sec2_contact_sg_0_photo_box_sales_sec2_contact_sg,_box_sales_sec2_contact_sg_0_photo_box_sales_sec2_contact_sg,box_sales_sec2_contact_sg_0_name_box_sales_sec2_contact_sg,_box_sales_sec2_contact_sg_0_name_box_sales_sec2_contact_sg,box_sales_sec2_contact_sg_0_positions_box_sales_sec2_contact_sg,_box_sales_sec2_contact_sg_0_positions_box_sales_sec2_contact_sg,box_sales_sec2_contact_sg_0_mail_box_sales_sec2_contact_sg,_box_sales_sec2_contact_sg_0_mail_box_sales_sec2_contact_sg,box_sales_sec2_contact_sg_0_tel_box_sales_sec2_contact_sg,_box_sales_sec2_contact_sg_0_tel_box_sales_sec2_contact_sg,box_sales_sec2_contact_sg_1_photo_box_sales_sec2_contact_sg,_box_sales_sec2_contact_sg_1_photo_box_sales_sec2_contact_sg,box_sales_sec2_contact_sg_1_name_box_sales_sec2_contact_sg,_box_sales_sec2_contact_sg_1_name_box_sales_sec2_contact_sg,box_sales_sec2_contact_sg_1_positions_box_sales_sec2_contact_sg,_box_sales_sec2_contact_sg_1_positions_box_sales_sec2_contact_sg,box_sales_sec2_contact_sg_1_mail_box_sales_sec2_contact_sg,_box_sales_sec2_contact_sg_1_mail_box_sales_sec2_contact_sg,box_sales_sec2_contact_sg_1_tel_box_sales_sec2_contact_sg,_box_sales_sec2_contact_sg_1_tel_box_sales_sec2_contact_sg,box_sales_sec2_contact_sg_2_photo_box_sales_sec2_contact_sg,_box_sales_sec2_contact_sg_2_photo_box_sales_sec2_contact_sg,box_sales_sec2_contact_sg_2_name_box_sales_sec2_contact_sg,_box_sales_sec2_contact_sg_2_name_box_sales_sec2_contact_sg,box_sales_sec2_contact_sg_2_positions_box_sales_sec2_contact_sg,_box_sales_sec2_contact_sg_2_positions_box_sales_sec2_contact_sg,box_sales_sec2_contact_sg_2_mail_box_sales_sec2_contact_sg,_box_sales_sec2_contact_sg_2_mail_box_sales_sec2_contact_sg,box_sales_sec2_contact_sg_2_tel_box_sales_sec2_contact_sg,_box_sales_sec2_contact_sg_2_tel_box_sales_sec2_contact_sg,box_sales_sec2_contact_sg,_box_sales_sec2_contact_sg,title_sec3_contact_sg,_title_sec3_contact_sg,text_sec3_contact_sg,_text_sec3_contact_sg,box1_service_sec3_contact_sg_photo_box1_service_sec3_contact_sg,_box1_service_sec3_contact_sg_photo_box1_service_sec3_contact_sg,box1_service_sec3_contact_sg_name_box1_service_sec3_contact_sg,_box1_service_sec3_contact_sg_name_box1_service_sec3_contact_sg,box1_service_sec3_contact_sg_positions_box1_service_sec3_contact_sg,_box1_service_sec3_contact_sg_positions_box1_service_sec3_contact_sg,box1_service_sec3_contact_sg_mail_box1_service_sec3_contact_sg,_box1_service_sec3_contact_sg_mail_box1_service_sec3_contact_sg,box1_service_sec3_contact_sg_tel_box1_service_sec3_contact_sg,_box1_service_sec3_contact_sg_tel_box1_service_sec3_contact_sg,box1_service_sec3_contact_sg,_box1_service_sec3_contact_sg,box2_service_sec3_contact_sg_photo_box2_service_sec3_contact_sg,_box2_service_sec3_contact_sg_photo_box2_service_sec3_contact_sg,box2_service_sec3_contact_sg_name_box2_service_sec3_contact_sg,_box2_service_sec3_contact_sg_name_box2_service_sec3_contact_sg,box2_service_sec3_contact_sg_positions_box2_service_sec3_contact_sg,_box2_service_sec3_contact_sg_positions_box2_service_sec3_contact_sg,box2_service_sec3_contact_sg_mail_box2_service_sec3_contact_sg,_box2_service_sec3_contact_sg_mail_box2_service_sec3_contact_sg,box2_service_sec3_contact_sg_tel_box2_service_sec3_contact_sg,_box2_service_sec3_contact_sg_tel_box2_service_sec3_contact_sg,box2_service_sec3_contact_sg,_box2_service_sec3_contact_sg,name_firm_sec5_contact_seagolf,_name_firm_sec5_contact_seagolf,adres_firm_sec5_contact_seagolf,_adres_firm_sec5_contact_seagolf,tel_firm_sec5_contact_seagolf,_tel_firm_sec5_contact_seagolf,data_firm_sec5_contact_seagolf,_data_firm_sec5_contact_seagolf,nip_data_firm_sec5_contact_seagolf,_nip_data_firm_sec5_contact_seagolf,name_person_sec5_contact_seagolf,_name_person_sec5_contact_seagolf,adres_person_sec5_contact_seagolf,_adres_person_sec5_contact_seagolf,bank_sec5_contact_seagolf,_bank_sec5_contact_seagolf,title_about_sec4_contact_seagolf,_title_about_sec4_contact_seagolf,text_about_sec4_contact_seagolf,_text_about_sec4_contact_seagolf,icons_about_sec4_contact_seagolf_0_img_icons_about_sec4_contact_seagolf,_icons_about_sec4_contact_seagolf_0_img_icons_about_sec4_contact_seagolf,icons_about_sec4_contact_seagolf_1_img_icons_about_sec4_contact_seagolf,_icons_about_sec4_contact_seagolf_1_img_icons_about_sec4_contact_seagolf,icons_about_sec4_contact_seagolf_2_img_icons_about_sec4_contact_seagolf,_icons_about_sec4_contact_seagolf_2_img_icons_about_sec4_contact_seagolf,icons_about_sec4_contact_seagolf,_icons_about_sec4_contact_seagolf,number1_sec6_contact_seagolf,_number1_sec6_contact_seagolf,term1_sec6_contact_seagolf,_term1_sec6_contact_seagolf,text1_sec6_contact_seagolf,_text1_sec6_contact_seagolf,number2_sec6_contact_seagolf,_number2_sec6_contact_seagolf,term2_sec6_contact_seagolf,_term2_sec6_contact_seagolf,text2_sec6_contact_seagolf,_text2_sec6_contact_seagolf,number3_sec6_contact_seagolf,_number3_sec6_contact_seagolf,term3_sec6_contact_seagolf,_term3_sec6_contact_seagolf,text3_sec6_contact_seagolf,_text3_sec6_contact_seagolf,number4_sec6_contact_seagolf,_number4_sec6_contact_seagolf,term4_sec6_contact_seagolf,_term4_sec6_contact_seagolf,text4_sec6_contact_seagolf,_text4_sec6_contact_seagolf,number5_sec6_contact_seagolf,_number5_sec6_contact_seagolf,term5_sec6_contact_seagolf,_term5_sec6_contact_seagolf,text5_sec6_contact_seagolf,_text5_sec6_contact_seagolf,number6_sec6_contact_seagolf,_number6_sec6_contact_seagolf,term6_sec6_contact_seagolf,_term6_sec6_contact_seagolf,text6_sec6_contact_seagolf,_text6_sec6_contact_seagolf,testimonial_sec7_contact_seagolf_0_testimonial_sec7_contact_seagolf_text,_testimonial_sec7_contact_seagolf_0_testimonial_sec7_contact_seagolf_text,testimonial_sec7_contact_seagolf_0_testimonial_sec7_contact_seagolf_name,_testimonial_sec7_contact_seagolf_0_testimonial_sec7_contact_seagolf_name,testimonial_sec7_contact_seagolf_1_testimonial_sec7_contact_seagolf_text,_testimonial_sec7_contact_seagolf_1_testimonial_sec7_contact_seagolf_text,testimonial_sec7_contact_seagolf_1_testimonial_sec7_contact_seagolf_name,_testimonial_sec7_contact_seagolf_1_testimonial_sec7_contact_seagolf_name,testimonial_sec7_contact_seagolf_2_testimonial_sec7_contact_seagolf_text,_testimonial_sec7_contact_seagolf_2_testimonial_sec7_contact_seagolf_text,testimonial_sec7_contact_seagolf_2_testimonial_sec7_contact_seagolf_name,_testimonial_sec7_contact_seagolf_2_testimonial_sec7_contact_seagolf_name,testimonial_sec7_contact_seagolf,_testimonial_sec7_contact_seagolf,testimonial_sec7_contact_seagolf_3_testimonial_sec7_contact_seagolf_text,_testimonial_sec7_contact_seagolf_3_testimonial_sec7_contact_seagolf_text,testimonial_sec7_contact_seagolf_3_testimonial_sec7_contact_seagolf_name,_testimonial_sec7_contact_seagolf_3_testimonial_sec7_contact_seagolf_name,testimonial_sec7_contact_seagolf_4_testimonial_sec7_contact_seagolf_text,_testimonial_sec7_contact_seagolf_4_testimonial_sec7_contact_seagolf_text,testimonial_sec7_contact_seagolf_4_testimonial_sec7_contact_seagolf_name,_testimonial_sec7_contact_seagolf_4_testimonial_sec7_contact_seagolf_name,testimonial_sec7_contact_seagolf_5_testimonial_sec7_contact_seagolf_text,_testimonial_sec7_contact_seagolf_5_testimonial_sec7_contact_seagolf_text,testimonial_sec7_contact_seagolf_5_testimonial_sec7_contact_seagolf_name,_testimonial_sec7_contact_seagolf_5_testimonial_sec7_contact_seagolf_name,sg_pricing_header_text,_sg_pricing_header_text,sg_pricing_title,_sg_pricing_title,sg_pricing_text,_sg_pricing_text,Status,"Author ID","Author Username","Author Email","Author First Name","Author Last Name",Slug,Format,Template,Parent,"Parent Slug",Order,"Comment Status","Ping Status","Post Modified Date"
1284,"Strona główna",,,"2022-04-12 13:30:30",sea-golf,http://localhost/saveinvest/dzialki/seagolf/strona-glowna/,http://localhost/saveinvest/wp-content/uploads/2022/04/movie-photo.jpg|http://localhost/saveinvest/wp-content/uploads/2022/04/photo-sec2.jpg|http://localhost/saveinvest/wp-content/uploads/2022/04/icon-1.png|http://localhost/saveinvest/wp-content/uploads/2022/04/icon-2.png|http://localhost/saveinvest/wp-content/uploads/2022/04/icon-3.png|http://localhost/saveinvest/wp-content/uploads/2022/04/icon-4.png|http://localhost/saveinvest/wp-content/uploads/2022/04/icon-5.png|http://localhost/saveinvest/wp-content/uploads/2022/04/icon-6.png|http://localhost/saveinvest/wp-content/uploads/2022/04/icon-7.png|http://localhost/saveinvest/wp-content/uploads/2022/04/icon-8.png|http://localhost/saveinvest/wp-content/uploads/2022/04/icon-9.png|http://localhost/saveinvest/wp-content/uploads/2022/04/icon-10.png|http://localhost/saveinvest/wp-content/uploads/2022/04/icon-11.png|http://localhost/saveinvest/wp-content/uploads/2022/04/icon-12.png|http://localhost/saveinvest/wp-content/uploads/2022/04/sec-4-photo.jpg|http://localhost/saveinvest/wp-content/uploads/2022/04/sec-5-photo.jpg|http://localhost/saveinvest/wp-content/uploads/2022/04/sec-6-photo.jpg|http://localhost/saveinvest/wp-content/uploads/2022/04/sec9-20year.png|http://localhost/saveinvest/wp-content/uploads/2022/04/sec9-1000.png|http://localhost/saveinvest/wp-content/uploads/2022/04/sec9-quality.png|http://localhost/saveinvest/wp-content/uploads/2022/04/sec9-20year-1.png|http://localhost/saveinvest/wp-content/uploads/2022/04/sec9-1000-1.png|http://localhost/saveinvest/wp-content/uploads/2022/04/sec9-quality-1.png|http://localhost/saveinvest/wp-content/uploads/2022/04/icon-1-big.png,movie-photo|photo-sec2|icon-1|icon-2|icon-3|icon-4|icon-5|icon-6|icon-7|icon-8|icon-9|icon-10|icon-11|icon-12|sec-4-photo|sec-5-photo|sec-6-photo|sec9-20year|sec9-1000|sec9-quality|sec9-20year|sec9-1000|sec9-quality|icon-1-big,|||||||||||||||||||||||,|||||||||||||||||||||||,|||||||||||||||||||||||,,,/investitions/sea-golf/front-page.php,,field_62098c6e77df5,"W pobliżu <em>morza,</em>
w sąsiedztwie <em>pola golfowego,</em>
jeziora i <em>przystani</em>",field_6273c303c2471,"Odkryj działki budowlane usytuowane 2500 m do morza i plaży. Zamieszkaj na osiedlu z jacuzzi, sauną, prywatnym basenem i brodzikiem dla dzieci, w sąsiedztwie pola golfowego, jeziora i przystani. 
",field_6273c61589090,"Odkryj <em>nasze działki</em>",field_6273c8245d511,"Sea & Golf Resort Wolin to miejsce, w którym walory nadmorskiej natury spotykają się z troską o Twój komfort. Na tym osiedlu wypoczniesz, korzystając z jacuzzi, sauny, lub pływając w dużym basenie. W Twoim sąsiedztwie znajduje się pole golfowe, a jedynie spacer dzieli Cię od przystani nad jeziorem. Na piaszczystą plażę i nad szemrzący Bałtyk wybierzesz się pieszo albo rowerem, by cieszyć się kąpielą w morzu lub godzinami spacerować po ciepłym piasku… 
",field_6273c84aa1904,https://www.youtube.com/watch?v=8PTAqhCVC00,field_6273ca0a3fa71,1375,field_6273ca97693b0,"Blisko plaży i morza, w sąsiedztwie pola golfowego i przystani nad jeziorem – w przepięknej, nadmorskiej lokalizacji, stworzyliśmy Sea & Golf Resort Wolin – osiedle, na którym Ty, Twoja rodzina i goście odpoczną i zaznają odrobiny zasłużonego luksusu. ",field_6273cca37233c,"Robert Tomaszewski",field_6273cd147e6a9,"PREZES SAVEINVEST",field_6273cd4b42439,1382,field_6273cd8c764e9,"W połączeniu z naturą <em>dajemy Ci to, co najlepsze</em>",field_6273cdf4f0ceb,1388,field_6273d16311cc1,"Podgrzewany basen zewnętrzny",field_6273d19211cc2,1389,field_6273d16311cc1,"Strefa rekreacji
z sauną i jacuzzi
",field_6273d19211cc2,1390,field_6273d16311cc1,"10 min. rowerem do morza (2 500 m)",field_6273d19211cc2,1391,field_6273d16311cc1,"5 min rowerem do przystani nad jeziorem",field_6273d19211cc2,1392,field_6273d16311cc1,"Pole golfowe w pobliżu",field_6273d19211cc2,1393,field_6273d16311cc1,"Działki w trakcie przekształcania na budowlane",field_6273d19211cc2,1394,field_6273d16311cc1,"Po przekształceniu uzyskamy pozwolenie na budowę",field_6273d19211cc2,1395,field_6273d16311cc1,"2 projekty gratis: dom lub dwulokalowy na wynajem",field_6273d19211cc2,8,field_6273d13f11cc0,"Sea & Golf Resort Wolin – Twoje osiedle działek budowlanych z wygodami i luksusowymi atrakcjami, w pobliżu znanych i lubianych nadmorskich miejscowości. 
",field_6273d48b27bb3,"Twój prywatny, luksusowy zakątek",field_6273da3c22636,"Spełnij swoje marzenie o kawałku ziemi nad morzem lub własnym, nadmorskim biznesie! Zamieszkaj niedaleko morza i klimatycznej plaży, która nie znika z rankingów najpiękniejszych plaż na polskim wybrzeżu. Tutaj, na przybrzeżnej wyspie Wolin, czeka na Ciebie Twoja wymarzona działka. Usytuowana w sąsiedztwie pola golfowego, ścieżki rowerowej i przystani nad jeziorem. Odkryj osiedle z prywatnymi atrakcjami – jacuzzi, sauną, basenem, brodzikiem dla dzieci i miejscem na leżaki. Podaruj sobie kawałek własnego raju na ziemi lub zaoferuj wyjątkową gościnę w Sea & Golf Resort Wolin. ",field_6273da73e0e96,"a:3:{s:5:""title"";s:10:""O RESORCIE"";s:3:""url"";s:1:""#"";s:6:""target"";s:0:"""";}",field_6273daa1cf739,1415,field_6273dac6cf73a,"Lokalizacja perfekcyjna  pod każdym względem",field_6273dcb9acfbb,"To miejsce daje nieograniczone możliwości! Korzystaj z bliskości znanych i popularnych kurortów, jak Międzyzdroje, Wisełka, Dziwnów, Świnoujście i wiele innych. Ciesz się sąsiedztwem Wolińskiego Parku Narodowego oraz rezerwatu przyrody Łuniewo. Wybierz się nad pobliskie jezioro Kołczewo, idealne do błogiego relaksu, lub Zatokę Morza Bałtyckiego – Zalew Szczeciński. Gdy nacieszysz się nadmorskimi atrakcjami, w pełni oddasz się błogiemu odpoczynkowi na osiedlu, które powstało z myślą o Twoim komforcie.
",field_6273dd52c30e9,"a:3:{s:5:""title"";s:11:""LOKALIZACJA"";s:3:""url"";s:1:""#"";s:6:""target"";s:0:"""";}",field_6273dd921795f,1416,field_6273decbc4908,"Własny raj na ziemi – od zaraz!",field_6273dfe4bfdfe,"Sea & Golf Resort Wolin odkrywa przed Tobą szeroką gamę atrakcji, dzięki którym poczujesz się jak w raju! Prywatne jacuzzi, sauna, basen, brodzik dla dzieci i miejsce na leżaki – to wszystko powstanie, by dać Tobie i Twojej rodzinie odrobinę zasłużonego luksusu. Osiedle zostanie stworzone w spójnej i estetycznej zabudowie, z zakazem lokalizacji domków holenderskich, blaszaków oraz przyczep. Szutrowa droga i wyłożony kostką brukową wjazd zapewnią bezpieczne poruszanie się po terenie. Aby dać Ci jeszcze większe poczucie bezpieczeństwa i prywatności, Twoje osiedle zostanie ogrodzone. A gdy tylko zapragniesz znaleźć się nad morzem, wystarczy spacer, by zażyć morskiej kąpieli i przechadzać się po jednej z piękniejszych plaż na polskim wybrzeżu. 
",field_6273e0138652e,"a:3:{s:5:""title"";s:13:""CENY DZIAŁEK"";s:3:""url"";s:1:""#"";s:6:""target"";s:0:"""";}",field_6273e03c2c205,1417,field_6273e0572c206,"Pływasz w basenie, leżysz w jacuzzi, relaksujesz się w saunie lub obserwujesz, jak Twoje dzieci spędzają beztrosko czas w brodziku…",field_6278b3d6b6bae,"Poczuj się błogo i spełniaj swoje marzenia w Sea & Golf Resort Wolin. Tu w każdej chwili możesz wybrać się na pobliskie pole golfowe lub wyruszyć na rowerową przygodę, biegnącą tuż przy osiedlu ścieżką. Spacerem dotrzesz nad morze, by cieszyć się słońcem, ciepłym piaskiem i morską bryzą, która przyjemnie Cię orzeźwi.",field_6278b42fe2a87,http://localhost:3000/saveinvest/dzialki/seagolf/lokalizacja/,field_6278b998b87a0,Lokalizacja,field_6278b667c552d,"Sprawdź, gdzie znajduje się 
Sea & Golf Resort",field_6278b67bc552e,ZOBACZ,field_6278b6b4c552f,,field_6278b642c552c,http://localhost:3000/saveinvest/dzialki/seagolf/ceny-dzialek/,field_6278bbe905ac8,"Ceny działek",field_6278b6e0651bc,"Znajdź dla siebie 
najkorzystniejszą ofertę	",field_6278b6e0651bd,ZOBACZ,field_6278b6e0651be,,field_6278b6e0651bb,#,field_6278bc0ccca85,Finansowanie,field_6278b754aa988,"Dowiedz się,
dlaczego to się opłaca",field_6278b754aa989,ZOBACZ,field_6278b754aa98a,,field_6278b754aa987,"<b>Jestem zadowolony z obsługi, jaką oferuje firma Saveinvest. Specjaliści bardzo sprawnie, szybko i terminowo zgromadzili wymagane dokumenty i uzyskali dla mojej działki warunki zabudowy. </b>
Nie martwiłem się, w jaki sposób zdobyć dokumenty oraz dopełnić wszelkich formalności, ponieważ pracownicy Saveinvest wszystkim się zajęli. Kompetencja, rzetelność i doświadczenie – te trzy słowa najlepiej oddają jakość usług świadczonych przez firmę!",field_6278bd17a08c0,"Sebastian, Nazwisko",field_6278bd7c13fdf,"Jestem zadowolony z obsługi, jaką oferuje firma Saveinvest. Specjaliści bardzo sprawnie, szybko i terminowo zgromadzili wymagane dokumenty i uzyskali dla mojej działki warunki zabudowy.",field_6278bd17a08c0,"Sebastian, Nazwisko",field_6278bd7c13fdf,"Nie martwiłem się, w jaki sposób zdobyć dokumenty oraz dopełnić wszelkich formalności, ponieważ pracownicy Saveinvest wszystkim się zajęli. Kompetencja, rzetelność i doświadczenie – te trzy słowa najlepiej oddają jakość usług świadczonych przez firmę!",field_6278bd17a08c0,"Sebastian, Nazwisko",field_6278bd7c13fdf,"<b>Jestem zadowolony z obsługi, jaką oferuje firma Saveinvest. Specjaliści bardzo sprawnie, szybko i terminowo zgromadzili wymagane dokumenty i uzyskali dla mojej działki warunki zabudowy. </b>
Nie martwiłem się, w jaki sposób zdobyć dokumenty oraz dopełnić wszelkich formalności, ponieważ pracownicy Saveinvest wszystkim się zajęli. Kompetencja, rzetelność i doświadczenie – te trzy słowa najlepiej oddają jakość usług świadczonych przez firmę!",field_6278bd17a08c0,"Piotr, Nazwisko",field_6278bd7c13fdf,6,field_6278bceea08bf,"<b>Saveinvest to polska firma z 20-letnim doświadczeniem, której zaufało już ponad 1000 Klientów. </b>

Firma jest właścicielem wszystkich oferowanych działek, których zakup finansowany jest z własnego kapitału.

Saveinvest tworzą eksperci rynku nieruchomości i koordynatorzy projektów inwestycyjnych, których publikacje można znaleźć na łamach wszystkich branżowych czasopism i portali.",field_6278beb5d0a40,1525,field_6278bf1b2d42d,1526,field_6278bf1b2d42d,1527,field_6278bf1b2d42d,3,field_6278bee82d42c,"<b>Jestem zadowolony z obsługi, jaką oferuje firma Saveinvest. Specjaliści bardzo sprawnie, szybko i terminowo zgromadzili wymagane dokumenty i uzyskali dla mojej działki warunki zabudowy. </b>
Nie martwiłem się, w jaki sposób zdobyć dokumenty oraz dopełnić wszelkich formalności, ponieważ pracownicy Saveinvest wszystkim się zajęli. Kompetencja, rzetelność i doświadczenie – te trzy słowa najlepiej oddają jakość usług świadczonych przez firmę!",field_6278bd17a08c0,"Rafał, Nazwisko",field_6278bd7c13fdf,"<b>Jestem zadowolony z obsługi, jaką oferuje firma Saveinvest. Specjaliści bardzo sprawnie, szybko i terminowo zgromadzili wymagane dokumenty i uzyskali dla mojej działki warunki zabudowy. </b>
Nie martwiłem się, w jaki sposób zdobyć dokumenty oraz dopełnić wszelkich formalności, ponieważ pracownicy Saveinvest wszystkim się zajęli. Kompetencja, rzetelność i doświadczenie – te trzy słowa najlepiej oddają jakość usług świadczonych przez firmę!",field_6278bd17a08c0,"Anna, Nazwisko",field_6278bd7c13fdf,,,,,,,,,,,,,,,,,,,,,,,,,,,,,,,,,,,,,,,,,,,,,,,,,,,,,,,,,,,,,,,,,,,,,,,,,,,,,,,,,,,,,,,,,,,,,,,,,,,,,,,,,,,,,,,,,,,,,,,,,,,,,,,,,,,,,,,,,,,,,,,,,,,,,,,,,,,,,,,,,,,,,,,,,,,,,,,,,,,,,,,,,,,,,,,,,,,,,,,,,,,,,,,,,,,,,,,,,,,,,,,,,,,,,,,,,,,,,,,,,,,,,,,,,,,,,,,,,,,,,,,,,,,,,,,,,,,,,,,,,,,,,,,,,,,,,,,,,,,,,,,,,,,,,,,,,,,,,,,,,,,,,,,,,,,,,,,,,,,,,,,,,,,,,,,,,,,,,,,,,,,,,,,,,,,,,,,,,,,,,,,,,,,,,,,,,,,,,,,,,,,,,,,,,,,,,,,,,,,,,,,publish,1,olr,r.olejarz@funktional.pl,,,strona-glowna,,/investitions/sea-golf/front-page.php,0,0,0,closed,closed,"2022-05-11 08:06:32"
1287,"O resorcie",,,"2022-04-13 08:37:59",sea-golf,http://localhost/saveinvest/dzialki/seagolf/o-resorcie/,http://localhost/saveinvest/wp-content/uploads/2022/04/sec2-photo.jpg|http://localhost/saveinvest/wp-content/uploads/2022/04/sec3-photo.jpg|http://localhost/saveinvest/wp-content/uploads/2022/04/sec5-photo.jpg|http://localhost/saveinvest/wp-content/uploads/2022/04/sec6-photo.jpg,sec2-photo|sec3-photo|sec5-photo|sec6-photo,|||,|||,|||,,,/investitions/sea-golf/about.php,,,,,,,,,,,,,,,,,,,,,,,,,,,,,,,,,,,,,,,,,,,,,,,,,,,,,,,,,,,,,,,,,,,,,,,,,,,,,,,,,,,,,,,,,,,,,,,,,,,,,,,,,,,,,,,,,,,,,,,,,,,,,,,,,,,,,,,,,,,,,,,,,,,,,,,,,,,"O Resorcie",field_6278e17960984,"Sea & Golf Resort Wolin to osiedle działek budowlanych z warunkami zabudowy i uzbrojeniem. Zlokalizowane w atrakcyjnej okolicy, jedynie 2500 m od morza, tuż przy polu golfowym, ścieżce rowerowej, niedaleko przystani nad jeziorem i Zalewu Szczecińskiego. Stąd szybko i sprawnie dotrzesz m.in. do Wolińskiego Parku Narodowego, Międzyzdrojów, Dziwnowa, Wisełki i Świnoujścia. Gdy nacieszysz się atrakcjami własnego osiedla – sauną, jacuzzi i basenem, możesz odkryć perły turystyczne okolicy – Bałtycki Park Miniatur, oceanarium w Międzyzdrojach, labirynt w Kamieniu Pomorskim, Morskie Centrum Nauki, Aleję Gwiazd Sportu, mariny w Kamieniu Pomorskim i Dziwnowie, most i wesołe miasteczko w Dziwnowie oraz wiele innych. ",field_6278e1aecdc28,"Twój azyl. Twoja oaza spokoju.
<em>Twoje miejsce na błogą przyszłość</em>",field_6278e2357581d,1478,field_6278e372186a4,"Strefa relaksu dla Ciebie i rodziny",field_6278e3b8157ce,"Sea & Golf Resort Wolin to niepowtarzalne miejsce, dopasowane do Ciebie, Twojej rodziny i gości. Tutaj nikt nie będzie się nudził, a rozrywkę znajdą zarówno dorośli, jak i dzieci – z myślą o tych ostatnich powstanie brodzik. Rozmaite atrakcje przypadną do gustu zarówno tym, szukającym błogiego odpoczynku, jak i osobom, które uwielbiają spędzać czas aktywnie. 
Sauna, jacuzzi, basen, leżaki – możliwości jest wiele! ",field_6278e3d7d0d47,"a:3:{s:5:""title"";s:13:""CENY DZIAŁEK"";s:3:""url"";s:72:""//localhost:3000:3000:3000:3000/saveinvest/dzialki/seagolf/ceny-dzialek/"";s:6:""target"";s:0:"""";}",field_6278e408533c7,1479,field_6278e51c3946c,"Wolin - wyspa pełna atrakcji",field_6278e54388222,"Piękne, czyste i piaszczyste plaże, urokliwe jeziora, niezwykła, w tym rzadka lub chroniona roślinność – to wszystko oferuje Wolin, największa polska wyspa, siedziba Wolińskiego Parku Narodowego. Uwielbiane Międzyzdroje, klimatyczny Dziwnów i znane wszystkim Świnoujście, a ponadto maleńkie, urokliwe miejscowości, których nie możesz przegapić, takie jak Wisełka z pobliską latarnią Kikut i wyjątkowa, dzika plaża w Świętouściu. Wolin to wyspa, której nie zechcesz opuszczać!",field_6278e55588223,"a:3:{s:5:""title"";s:11:""LOKALIZACJA"";s:3:""url"";s:66:""//localhost:3000:3000:3000/saveinvest/dzialki/seagolf/lokalizacja/"";s:6:""target"";s:0:"""";}",field_6278e56888224,12,field_6278e6fd72cb8,"Odkryj 
szerokie 
<em>spektrum 
możliwości</em>",field_6278e8cc24d17,1480,field_6278e97a96926,"Pole golfowe „Amber Baltic Golf Club”",field_6278e9e7b6f76,"Osiedle Sea & Golf Resort Wolin znajduje się tuż przy jednym z najpiękniejszych i najbardziej okazałych pól golfowych w Polsce. Amber Baltic Golf Club to otoczone zielenią miejsce dla zawodowców i entuzjastów golfa – odbyły się tu pierwsze Otwarte Mistrzostwa Polski i pierwsze Otwarte Mistrzostwa Polski Amatorów. ",field_6278ea07c3776,"a:3:{s:5:""title"";s:13:""CENY DZIAŁEK"";s:3:""url"";s:57:""//localhost:3000/saveinvest/dzialki/seagolf/ceny-dzialek/"";s:6:""target"";s:0:"""";}",field_6278ea3423e87,1481,field_6278eb6e54565,"Do uzupełniania",field_6278eb893778e,"–(Do uzupełnienia/zmiany) osiedle działek budowlanych, 2500 m do morza, w pobliżu pola golfowego, ścieżki rowerowej i Wolińskiego Parku Narodowego. Twoje marzenie o posiadaniu własnego kawała ziemi spełni się w tym miejscu – na osiedlu z własnym jacuzzi, sauną i basenem, blisko najpiękniejszych miejscowości na polskim wybrzeżu.",field_6278eba39fb70,"a:3:{s:5:""title"";s:10:""O RESORCIE"";s:3:""url"";s:55:""http://localhost/saveinvest/dzialki/seagolf/o-resorcie/"";s:6:""target"";s:0:"""";}",field_6278ebd1c524d,1388,field_6278e7d6e5a42,"Podgrzewany basen 
zewnętrzny",field_6278e808e5a43,1389,field_6278e7d6e5a42,"Strefa rekreacji
z sauną i jacuzzi",field_6278e808e5a43,1390,field_6278e7d6e5a42,"10 min. rowerem do 
morza (2 500 m)",field_6278e808e5a43,1391,field_6278e7d6e5a42,"5 min rowerem do 
przystani nad jeziorem",field_6278e808e5a43,1392,field_6278e7d6e5a42,"Pole golfowe w 
pobliżu",field_6278e808e5a43,1393,field_6278e7d6e5a42,"Działki w trakcie 
przekształcania na 
budowlane",field_6278e808e5a43,1394,field_6278e7d6e5a42,"Po przekształceniu 
uzyskamy pozwolenie 
na budowę",field_6278e808e5a43,1395,field_6278e7d6e5a42,"2 projekty gratis: dom 
lub dwulokalowy na 
wynajem",field_6278e808e5a43,1396,field_6278e7d6e5a42,"Spójna i estetyczna 
zabudowa",field_6278e808e5a43,1397,field_6278e7d6e5a42,"Dojazd drogą asfaltową",field_6278e808e5a43,1398,field_6278e7d6e5a42,"Teren ogrodzony",field_6278e808e5a43,1399,field_6278e7d6e5a42,"Ścieżka rowerowa przy 
działkach",field_6278e808e5a43,,,,,,,,,,,,,,,,,,,,,,,,,,,,,,,,,,,,,,,,,,,,,,,,,,,,,,,,,,,,,,,,,,,,,,,,,,,,,,,,,,,,,,,,,,,,,,,,,,,,,,,,,,,,,,,,,,,,,,,,,,,,,,,,,,,,,,,,,,,,,,,,,,,,,,,,,,,,,,,,,,,,,,,,,,,,,,,,,,,,,,,,,,,,,,,,,,,,,,,,,,,,,,,,,,,,,,,,,,,,,,,,,,,,,,,,,,,,,,,,,,,,,,,,,,,,,,,,,,,,,,,,,,,,,,,,,,,,,,,,,,,,,,,,,,,,,,,,,,,,,,,,,,,,,,,,,,,,,,,,,,,,,,,,,,,,,publish,6,ps,p.serafinko@gmail.com,,,o-resorcie,,/investitions/sea-golf/about.php,0,0,0,closed,closed,"2022-05-09 11:06:02"
1307,Lokalizacja,,,"2022-04-26 14:02:57",sea-golf,http://localhost/saveinvest/dzialki/seagolf/lokalizacja/,http://localhost/saveinvest/wp-content/uploads/2022/04/icon-bicycle.png,icon-bicycle,,,,,,/investitions/sea-golf/localization.php,,,,,,,,,,,,,,,,,,,,,,,,,,,,,,,,,,,,,,,,,,,,,,,,,,,,,,,,,,,,,,,,,,,,,,,,,,,,,,,,,,,,,,,,,,,,,,,,,,,,,,,,,,,,,,,,,,,,,,,,,,,,,,,,,,,,,,,,,,,,,,,,,,,,,,,,,,,,,,,,,,,,,,,,,,,,,,,,,,,,,,,,,,,,,,,,,,,,,,,,,,,,,,,,,,,,,,,,,,,,,,,,,,,,,,,,,,,,,,,,,,,,,"W sąsiedztwie atrakcji ",field_626a4128583bf,"Sea & Golf Resort Wolin to wymarzona ostoja, w której komfort, wygoda i bezpieczeństwo otulą Cię ze wszystkich stron. Stąd szybko dotrzesz w miejsca, które warto zobaczyć. Twoja bezpieczna przystań, położona w otulisku natury i stworzona z myślą o Twoim komforcie – z basenem, jacuzzi i sauną. To także doskonała baza wypadowa do miejsc, w których możesz podziwiać cuda nadmorskiej przyrody i korzystać z atrakcji turystycznych! X minut jazdy samochodem dzieli Cię od uwielbianych Międzyzdrojów, a już X minut, wystarczy, by dotrzeć do Świnoujścia!",field_626a4170a8cae,Morze,field_626a426d3c297,"2 500 m",field_626a42b53c298,"10 min",field_626a42df3c299,1319,field_626a44072b7c5,"Przystań nad jeziorem",field_626a426d3c297,"1 300 m",field_626a42b53c298,"5 min",field_626a42df3c299,1319,field_626a44072b7c5,"Pole golfowe “Amber Baltic Golf Club”",field_626a426d3c297,"1 600 m",field_626a42b53c298,"6 min",field_626a42df3c299,1319,field_626a44072b7c5,"Bałtycki Park Miniatur",field_626a426d3c297,"16 km",field_626a42b53c298,"18 min",field_626a42df3c299,,field_626a44072b7c5,"Molo w Miedzyzdrojach",field_626a426d3c297,"14 km",field_626a42b53c298,"15 min",field_626a42df3c299,,field_626a44072b7c5,"Oceanarium Miedzyzdroje",field_626a426d3c297,"14 km",field_626a42b53c298,"15 min",field_626a42df3c299,,field_626a44072b7c5,"Labirynt Kamień Pomorski",field_626a426d3c297,"25 km",field_626a42b53c298,"25 min",field_626a42df3c299,,field_626a44072b7c5,"Bałtycki Park Dinozaurów",field_626a426d3c297,"19 km ",field_626a42b53c298,"21 min",field_626a42df3c299,,field_626a44072b7c5,"Morskie Centrum Nauki",field_626a426d3c297,"11 km ",field_626a42b53c298,"11 min",field_626a42df3c299,,field_626a44072b7c5,"Aleja Gwiazd Sportu",field_626a426d3c297,"11 km ",field_626a42b53c298,"11 min",field_626a42df3c299,,field_626a44072b7c5,"Marina w Kamieniu Pomorskim",field_626a426d3c297,"25 km",field_626a42b53c298,"27 min",field_626a42df3c299,,field_626a44072b7c5,"Marina w Dziwnowie",field_626a426d3c297,"12 km",field_626a42b53c298,"12 min",field_626a42df3c299,,field_626a44072b7c5,"Most Zwodzony Dziwnów",field_626a426d3c297,"10 km ",field_626a42b53c298,"10 min",field_626a42df3c299,,field_626a44072b7c5,"Wesołe miasteczko w Dziwnowie",field_626a426d3c297,"12 km",field_626a42b53c298,"12 min",field_626a42df3c299,,field_626a44072b7c5,14,field_626a41a3e26ae,"Szerokie spektrum możliwości
<em>Twoje wymarzone miejsce</em>",field_6279032e9c02b,8,field_6279039ee83b7,1388,field_627903d5ce4cb,"Podgrzewany basen 
zewnętrzny",field_627903eace4cc,1389,field_627903d5ce4cb,"Strefa rekreacji
z sauną i jacuzzi",field_627903eace4cc,1390,field_627903d5ce4cb,"10 min. rowerem do 
morza (2 500 m)",field_627903eace4cc,1391,field_627903d5ce4cb,"5 min rowerem do 
przystani nad jeziorem",field_627903eace4cc,1392,field_627903d5ce4cb,"Pole golfowe w 
pobliżu",field_627903eace4cc,1393,field_627903d5ce4cb,"Działki w trakcie 
przekształcania na 
budowlane",field_627903eace4cc,1394,field_627903d5ce4cb,"Po przekształceniu 
uzyskamy pozwolenie 
na budowę",field_627903eace4cc,1395,field_627903d5ce4cb,"2 projekty gratis: dom 
lub dwulokalowy na 
wynajem",field_627903eace4cc,,,,,,,,,,,,,,,,,,,,,,,,,,,,,,,,,,,,,,,,,,,,,,,,,,,,,,,,,,,,,,,,,,,,,,,,,,,,,,,,,,,,,,,,,,,,,,,,,,,,,,,,,,,,,,,,,,,,,,,,,,,,,,,,,,,,,,,,,,,,,,,,,,,,,,,,,,,,,,,,,,,,,,,,,,,,,,,,,,,publish,6,ps,p.serafinko@gmail.com,,,lokalizacja,,/investitions/sea-golf/localization.php,0,0,0,closed,closed,"2022-05-09 12:12:35"
1308,Galeria,,,"2022-04-28 06:17:40",sea-golf,http://localhost/saveinvest/dzialki/seagolf/galeria/,,,,,,,,/investitions/sea-golf/gallery.php,,field_62098c6e77df5,,,,,,,,,,,,,,,,,,,,,,,,,,,,,,,,,,,,,,,,,,,,,,,,,,,,,,,,,,,,,,,,,,,,,,,,,,,,,,,,,,,,,,,,,,,,,,,,,,,,,,,,,,,,,,,,,,,,,,,,,,,,,,,,,,,,,,,,,,,,,,,,,,,,,,,,,,,,,,,,,,,,,,,,,,,,,,,,,,,,,,,,,,,,,,,,,,,,,,,,,,,,,,,,,,,,,,,,,,,,,,,,,,,,,,,,,,,,,,,,,,,,,,,,,,,,,,,,,,,,,,,,,,,,,,,,,,,,,,,,,,,,,,,,,,,,,,,,,,,,,,,,,,,,,,,,,,,,,,,,,,,,,,,,,,,,,,,,,,,,,,,,,,,,,,,,,,,,,,,,,,,,,,,,,,,,,,,,,,,,,,,,,,,,,,,,,,,,,"Poznaj miejsce, w którym wypoczniesz - jak nigdy dotąd!",field_626a635f120aa,"a:7:{i:0;s:4:""1128"";i:1;s:4:""1127"";i:2;s:4:""1126"";i:3;s:4:""1125"";i:4;s:4:""1124"";i:5;s:4:""1123"";i:6;s:4:""1122"";}",field_626a637b120ab,"a:1:{i:0;s:4:""1481"";}",field_626a63b675d68,1,field_626a63d175d69,https://www.youtube.com/watch?v=2nG-2-CNqH4,field_626a6455a8912,"Pływaj w basenie, relaksuj się w saunie lub jacuzzi, spaceruj wzdłuż wybrzeża. To wszystko jest w Twoim zasięgu!",field_626a7e90f929e,,,,,,,,,,,,,,,,,,,,,,,,,,,,,,,,,,,,,,,,,,,,,,,,,,,,,,,,,,,,,,,,,,,,,,,,,,,,,,,,,,,,,,,,,,,,,,,,,,,,,,,,,,,,,,,,,,,,,,,,,,,,,,,,,,,,,,,,,,,,,,,,,,,,,,,,,,,,,,,,,,,,,,,publish,6,ps,p.serafinko@gmail.com,,,galeria,,/investitions/sea-golf/gallery.php,0,0,0,closed,closed,"2022-05-10 13:07:38"
1309,Kontakt,,,"2022-04-28 06:21:10",sea-golf,http://localhost/saveinvest/dzialki/seagolf/kontakt/,http://localhost/saveinvest/wp-content/uploads/2022/04/about-icon1.png|http://localhost/saveinvest/wp-content/uploads/2022/04/about-icon2.png|http://localhost/saveinvest/wp-content/uploads/2022/04/about-icon3.png,about-icon1|about-icon2|about-icon3,||,||,||,,,/investitions/sea-golf/contact.php,,field_62098c6e77df5,,,,,,,,,,,,,,,,,,,,,,,,,,,,,,,,,,,,,,,,,,,,,,,,,,,,,,,,,,,,,,,,,,,,,,,,,,,,,,,,,,,,,,,,,,,,,,,,,,,,,,,,,,,,,,,,,,,,,,,,,,,,,,,,,,,,,,,,,,,,,,,,,,,,,,,,,,,,,,,,,,,,,,,,,,,,,,,,,,,,,,,,,,,,,,,,,,,,,,,,,,,,,,,,,,,,,,,,,,,,,,,,,,,,,,,,,,,,,,,,,,,,,,,,,,,,,,,,,,,,,,,,,,,,,,,,,,,,,,,,,,,,,,,,,,,,,,,,,,,,,,,,,,,,,,,,,,,,,,,,,,,,,,,,,,,,,,,,,,,,,,,,,,,,,,,,,,,,,,,,,,,,,,,,,,,,,,,,,,,,,,,,,,,,,,,,,,,,,,,,,,,,,,,,,"Skontaktuj<br>się z nami",field_626f8481ba5ef,"Wypełnij formularz lub zadzwoń pod numer ",field_626f8492ba5f0,"+48 888 800 800",field_626f84a6ba5f1,"Dział sprzedaży",field_626f84ca8f724,"Odpowiemy na Twoje pytania",field_626f84f08f725,904,field_626f862cdc497,"Aleksander Setlak",field_626f8655dc498,"Specjalista ds. Nieruchomości",field_626f8669dc499,a.setlak@saveinvest.pl,field_626f867cdc49a,"+48 795 048 639",field_626f86a5dc49b,904,field_626f862cdc497,"Kamil Markowicz",field_626f8655dc498,"Specjalista ds. Nieruchomości",field_626f8669dc499,k.markowicz@saveinvest.pl,field_626f867cdc49a,"+48 533 652 414",field_626f86a5dc49b,904,field_626f862cdc497,"Bartosz Antos",field_626f8655dc498,"Dyrektor ds. Nieruchomości",field_626f8669dc499,b.antos@saveinvest.pl,field_626f867cdc49a,"+48 500 210 600",field_626f86a5dc49b,3,field_626f85271b28e,"Obsługa inwestycji",field_626f8562a6ecb,"Do Twojej dyspozycji",field_626f85a2a6ecc,904,field_626f86f2d0c11,"Patryk Wajda",field_626f86ffd0c12,"Specjalista ds. Projektów Inwestycyjnych",field_626f8717d0c13,p.wajda@saveinvest.pl,field_626f8727d0c14,"+48 570 444 266",field_626f8735d0c15,,field_626f85b8a6ecd,904,field_626f875514ed1,"Przemysław Zając",field_626f876c14ed2,"Specjalista ds. Projektów Inwestycyjnych ",field_626f878114ed3,projekty@saveinvest.pl,field_626f878d14ed4,"+48 570 342 222",field_626f879c14ed5,,field_626f85e7a6ece,"Saveinvest Sp. z o.o.",field_626fdbff95880,"ul. Dunin Wąsowicza 8/9 
30-112 Kraków ",field_626fdc1195881,"888 800 800",field_626fdc2795882,"Sąd rejonowy dla Krakowa-
Śródmieścia w Krakowie,
XI Wydział Gospodarczy Krajowego 
Rejestru Sądowego.",field_626fdc3f95883,"NIP: 677-239-36-00
REGON: 362746472
KRS: 0000580800",field_626fdc6395884,"Bartosz Antos ",field_626fdc8695885,"ul. Dunin-Wąsowicza 8/9 
30-112 Kraków 
NIP: 513-010-25-23",field_626fdc9e95886,"Konto bankowe Alior Bank:
92 2490 0005 0000 4500 5139 3978",field_626fdcb595887,"O firmie",field_627907c6abe7c,"<b>Saveinvest to polska firma z 20-letnim doświadczeniem, której zaufało już ponad 1000 Klientów. </b>

Firma jest właścicielem wszystkich oferowanych działek, których zakup finansowany jest z własnego kapitału.

Saveinvest tworzą eksperci rynku nieruchomości i koordynatorzy projektów inwestycyjnych, których publikacje można znaleźć na łamach wszystkich branżowych czasopism i portali.",field_6279080d307eb,1500,field_6279087d77ff5,1501,field_6279087d77ff5,1502,field_6279087d77ff5,3,field_627908460ebf7,100,field_627909ad8b06c,%,field_62790af0b4e26,"sprawdzonych gruntów",field_62790b5b561ab,200,field_62790f1bcd0cc,,field_62790f1ecd0cd,"zaufanych partnerów",field_62790f25cd0ce,1000,field_6279107fd94a4,,field_62791082d94a5,"zadowolonych klientów",field_62791085d94a6,2000,field_627911ab028b2,,field_627911ae028b3,"eksperckich publikacji",field_627911b1028b4,1000000,field_6279133399143,m<sup>2</sup>,field_6279133699144,działek,field_6279133b99145,200,field_627913fd52368,mln,field_6279140052369,"kapitału w gruntach",field_627914095236a,"<b>Jestem zadowolony z obsługi, jaką oferuje firma Saveinvest. Specjaliści bardzo sprawnie, szybko i terminowo zgromadzili wymagane dokumenty i uzyskali dla mojej działki warunki zabudowy. </b>

Nie martwiłem się w jaki sposób zdobyć dokumenty oraz dopełnić wszelkich formalności, ponieważ pracownicy Saveinvest wszystkim się zajęli. Kompetencja, rzetelność i doświadczenie – te trzy słowa najlepiej oddają jakość usług świadczonych przez firmę!
",field_6279171748309,"Sebastian, Kijowice",field_627917374830a,"Jestem zadowolony z obsługi, jaką oferuje firma Saveinvest. Specjaliści bardzo sprawnie, szybko i terminowo zgromadzili wymagane dokumenty i uzyskali dla mojej działki warunki zabudowy.

Nie martwiłem się w jaki sposób zdobyć dokumenty oraz dopełnić wszelkich formalności, ponieważ pracownicy Saveinvest wszystkim się zajęli. Kompetencja, rzetelność i doświadczenie – te trzy słowa najlepiej oddają jakość usług świadczonych przez firmę!",field_6279171748309,"Anna, Kijowice",field_627917374830a,"<b>Jestem zadowolony z obsługi, jaką oferuje firma Saveinvest. Specjaliści bardzo sprawnie, szybko i terminowo zgromadzili wymagane dokumenty i uzyskali dla mojej działki warunki zabudowy. </b>

Nie martwiłem się w jaki sposób zdobyć dokumenty oraz dopełnić wszelkich formalności, ponieważ pracownicy Saveinvest wszystkim się zajęli. Kompetencja, rzetelność i doświadczenie – te trzy słowa najlepiej oddają jakość usług świadczonych przez firmę!",field_6279171748309,"Piotr, Kijowice",field_627917374830a,6,field_627916d506fcd,"Nie martwiłem się w jaki sposób zdobyć dokumenty oraz dopełnić wszelkich formalności, ponieważ pracownicy Saveinvest wszystkim się zajęli. Kompetencja, rzetelność i doświadczenie – te trzy słowa najlepiej oddają jakość usług świadczonych przez firmę!",field_6279171748309,"Piotr, Kijowice",field_627917374830a,"Nie martwiłem się w jaki sposób zdobyć dokumenty oraz dopełnić wszelkich formalności, ponieważ pracownicy Saveinvest wszystkim się zajęli. Kompetencja, rzetelność i doświadczenie – te trzy słowa najlepiej oddają jakość usług świadczonych przez firmę!",field_6279171748309,"Piotr, Kijowice",field_627917374830a,"Nie martwiłem się w jaki sposób zdobyć dokumenty oraz dopełnić wszelkich formalności, ponieważ pracownicy Saveinvest wszystkim się zajęli. Kompetencja, rzetelność i doświadczenie – te trzy słowa najlepiej oddają jakość usług świadczonych przez firmę!",field_6279171748309,"Piotr, Kijowice",field_627917374830a,,,,,,,publish,6,ps,p.serafinko@gmail.com,,,kontakt,,/investitions/sea-golf/contact.php,0,0,0,closed,closed,"2022-05-11 14:23:07"
1444,"Ceny działek",,,"2022-05-09 07:23:49",sea-golf,http://localhost/saveinvest/dzialki/seagolf/ceny-dzialek/,,,,,,,,/investitions/sea-golf/plot-pricing.php,,field_62098c6e77df5,,,,,,,,,,,,,,,,,,,,,,,,,,,,,,,,,,,,,,,,,,,,,,,,,,,,,,,,,,,,,,,,,,,,,,,,,,,,,,,,,,,,,,,,,,,,,,,,,,,,,,,,,,,,,,,,,,,,,,,,,,,,,,,,,,,,,,,,,,,,,,,,,,,,,,,,,,,,,,,,,,,,,,,,,,,,,,,,,,,,,,,,,,,,,,,,,,,,,,,,,,,,,,,,,,,,,,,,,,,,,,,,,,,,,,,,,,,,,,,,,,,,,,,,,,,,,,,,,,,,,,,,,,,,,,,,,,,,,,,,,,,,,,,,,,,,,,,,,,,,,,,,,,,,,,,,,,,,,,,,,,,,,,,,,,,,,,,,,,,,,,,,,,,,,,,,,,,,,,,,,,,,,,,,,,,,,,,,,,,,,,,,,,,,,,,,,,,,,,,,,,,,,,,,,,,,,,,,,,,,,,,,,,,,,,,,,,,,,,,,,,,,,,,,,,,,,,,,,,,,,,,,,,,,,,,,,,,,,,,,,,,,,,,,,,,,,,,,,,,,,,,,,,,,,,,,,,,,,,,,,,,,,,,,,,,,,,,,,,,,,,,,,,,,,,,,,,,,,,,,,,,,,,,,,"Sprawdź ceny działek
<b>500 000 zł za 700 m<sup>2</sup>.</b>
Wybierz najkorzystniejszą opcję",field_6278fd08045dd,"Lista działek",field_6278fd75a896a,"Do ceny netto należy doliczyć 23% podatku VAT. Przedsiębiorca otrzymuje zwrot podatku VAT w ciągu 30 lub 60 dni od wystąpienia o zwrot do urzędu skarbowego. Nakłady inwestycyjne związane z budową basenu i części rekreacyjnej oraz utwardzeniem drogi wewnętrznej zostaną podzielone na wszystkich właścicieli działek.
",field_6278fdb2c20fe,publish,6,ps,p.serafinko@gmail.com,,,ceny-dzialek,,/investitions/sea-golf/plot-pricing.php,0,0,0,closed,closed,"2022-05-09 11:47:15"
